{"enemy":"randomTeam.py","blue_player2_reward":1.9900000000000015,"episode":1,"score":0,"_runtime":624.953061,"loss":8.826648263493553e-05,"epsilon":0.675,"_wandb":{"runtime":625},"blue_player1_reward":1.9900000000000015,"_timestamp":1.7336050082383232e+09,"_step":1421}