{"_wandb":{"runtime":398},"loss":3.6058006286621094,"_timestamp":1.7336591627823372e+09,"_runtime":398.5025737,"_step":1}