{"_timestamp":1.7338273468153648e+09,"blue_player1_reward":2.3999999999999972,"loss1":0.20285460352897644,"_step":3059,"loss2":0.008165051229298115,"epsilon":0.9358211312499999,"_wandb":{"runtime":106},"blue_player2_reward":2.3999999999999972,"score":0,"_runtime":106.2595027,"lr":9.874784254984776e-05,"episode":3}