{"_step":1,"loss":3.3975167274475098,"_timestamp":1.733659539883248e+09,"_wandb":{"runtime":2},"_runtime":2.1913235}