{"episode":799,"_wandb":{"runtime":67890},"_step":245334,"blue_player1_reward":0.19000000000000006,"loss":7.499999628635123e-05,"_timestamp":1.733714536056395e+09,"blue_player2_reward":0.19000000000000006,"score":-3,"enemy":"AstarTeam.py","epsilon":0.1,"_runtime":67890.153035}