{"_timestamp":1.7336025252390518e+09,"_runtime":1522.2748352,"blue_player1_reward":0.2700000000000001,"episode":17,"blue_player2_reward":0.2700000000000001,"score":-6,"enemy":"randomTeam.py","epsilon":0.12507886274749933,"_wandb":{"runtime":1523},"_step":3755,"loss":1.136587616201723e-05}