{"_timestamp":1.7336439629734423e+09,"episode":541,"enemy":"randomTeam.py","loss":0.00017536760424263775,"_runtime":37359.0002518,"score":0,"blue_player1_reward":2.4499999999999917,"blue_player2_reward":2.4499999999999917,"_wandb":{"runtime":37359},"_step":108693,"epsilon":0.1}