{"episode":0,"score":0,"blue_player1_reward":1.0000000000000004,"loss":0.13115426898002625,"_step":510,"epsilon":0.95,"blue_player2_reward":1.0000000000000004,"_runtime":639.2353439,"_timestamp":1.7337492215055943e+09,"_wandb":{"runtime":642},"enemy":"randomTeam.py"}