{"_timestamp":1.733835385159473e+09,"_runtime":5.8400498,"loss2":0.000574238714762032,"lr":9.981516640291634e-05,"_wandb":{"runtime":5},"_step":112,"loss1":0.00016838754527270794}