{"_timestamp":1.7336594685035026e+09,"_runtime":1.314987,"_step":0,"_wandb":{"runtime":1},"loss":3.6632423400878906}