{"epsilon":0.29336991974216736,"_runtime":5665.8580482,"episode":11,"blue_player1_reward":2.5199999999999947,"loss1":0.00044086534762755036,"blue_player2_reward":2.5199999999999947,"_wandb":{"runtime":5666},"loss2":0.0011549119371920824,"score":0,"_timestamp":1.7338352920566094e+09,"lr":8.828913663580791e-05,"_step":147048}