{"epsilon":0.1,"_runtime":13292.710147,"score":0,"loss1":0.011808677576482296,"loss2":0.003573252120986581,"_timestamp":1.733855062259773e+09,"blue_player2_reward":4.989999999999974,"episode":300,"_step":181488,"blue_player1_reward":4.989999999999974,"_wandb":{"runtime":13294}}