{"_runtime":4628.9201342,"score":0,"blue_player1_reward":4.5399999999999725,"_step":83802,"epsilon":0.1279251407797128,"_wandb":{"runtime":4629},"episode":400,"loss1":0.004589697811752558,"loss2":0.0036427993327379227,"_timestamp":1.7338416803888993e+09,"blue_player2_reward":4.5399999999999725}