{"_step":75,"_runtime":82.4797597,"score":1,"episode":0,"enemy":"randomTeam.py","epsilon":0.95,"blue_player1_reward":2.7299999999999978,"_wandb":{"runtime":98},"loss":0.8184428215026855,"_timestamp":1.733750348720138e+09,"blue_player2_reward":2.7299999999999978}