{"_wandb":{"runtime":4000},"blue_player1_reward":3.6599999999999846,"episode":99,"_timestamp":1.7338590725114014e+09,"_runtime":4000.2053424,"epsilon":0.1826443527107721,"loss1":0.00142144993878901,"_step":60637,"blue_player2_reward":3.6599999999999846,"loss2":0.0021823449060320854,"score":0}