{"loss1":0.009640149772167206,"_runtime":1614.6583151,"episode":99,"loss2":0.009416263550519943,"score":-37,"epsilon":0.1826443527107721,"blue_player1_reward":7.159999999999967,"blue_player2_reward":7.159999999999967,"_timestamp":1.733860802561717e+09,"_wandb":{"runtime":1614},"_step":25763}