{"_timestamp":1.7338369402484083e+09,"_runtime":757.53901,"blue_player1_reward":3.599999999999988,"score":0,"_wandb":{"runtime":757},"_step":12455,"blue_player2_reward":3.599999999999988,"episode":10,"epsilon":0.9035546239424832,"loss2":4.57250171166379e-05,"loss1":3.789712718571536e-05}