{"blue_player2_reward":1.9700000000000013,"episode":6,"score":0,"epsilon":0.80025812699085,"enemy":"randomTeam.py","_step":1063,"_timestamp":1.73360652779039e+09,"_runtime":380.037649,"_wandb":{"runtime":380},"blue_player1_reward":1.9700000000000013,"loss":4.075972537975758e-05}