{"_runtime":1799.5274362,"episode":99,"epsilon":0.10958661162646333,"blue_player2_reward":1.2400000000000007,"_wandb":{"runtime":1799},"_timestamp":1.7338627983674216e+09,"loss2":0.007184402551501989,"blue_player1_reward":1.2400000000000007,"score":-37,"_step":26933,"loss1":0.012066169641911983}