{"_wandb":{"runtime":3185},"_timestamp":1.7338270864187186e+09,"loss1":0.04211047291755676,"_step":68195,"loss2":0.26506510376930237,"blue_player1_reward":14.399999999999999,"episode":299,"_runtime":3185.1870805,"blue_player2_reward":14.399999999999999,"score":2,"epsilon":0.21223878376754732}