{"loss":0.0001276836555916816,"blue_player2_reward":1.1800000000000008,"enemy":"heuristicTeam.py","episode":12,"epsilon":0.21182215236075008,"score":-10,"_wandb":{"runtime":691},"_step":1929,"blue_player1_reward":1.1800000000000008,"_runtime":691.3523245,"_timestamp":1.7336060969822872e+09}