{"episode":0,"_runtime":128.522017,"_step":75,"_wandb":{"runtime":135},"loss":0.10023010522127151,"epsilon":0.95,"enemy":"randomTeam.py","score":1,"blue_player2_reward":3.0199999999999987,"_timestamp":1.7337496209226158e+09,"blue_player1_reward":3.0199999999999987}