{"_timestamp":1.7338238543235075e+09,"_step":777,"blue_player2_reward":4.609999999999988,"_wandb":{"runtime":119},"score":1,"blue_player1_reward":4.609999999999988,"episode":1,"loss1":0.0008155012037605047,"_runtime":118.8251618,"loss2":0.0004879623302258551,"epsilon":0.9452499999999999}