{"_timestamp":1.7337485018983529e+09,"blue_player2_reward":0.4700000000000002,"score":-11,"loss":0.24073785543441772,"_wandb":{"runtime":2032},"_runtime":2029.4171809,"_step":7743,"epsilon":0.95,"enemy":"baselineTeam.py","blue_player1_reward":0.4700000000000002,"episode":0}